Montgomery, Alabama
Little Rock, Arkansas
Pheonix, Arizona
Sacramento, California
Denver, Colorado
Hartford, Connecticut
Washington, District of Columbia
Dover, Delaware
Tallahassee, Florida
Atlanta, Georgia
Des Moines, Iowa
Boise, Idaho
Springfield, Illnois
Indianapolis, Indiana
Topeka, Kansas
Frankfort, Kentucky 
Baton Rouge, Louisiana
Boston, Massachusetts
Annapolis, Maryland
Augusta, Maine
Lansing, Michigan
St. Paul, Minnesota
Jefferson City, Missouri
Jackson, Mississippi
Helena, Montana
Raleigh, North Carolina
Bismarck, North Dakota
Lincoln, Nebraska
Concord, New Hampshire 
Trenton, New Jersey
Santa Fe, New Mexico
Carson City, Nevada
Albany, New York
Columbus, Ohio
Oklahoma City, Oklahoma
Salem, Oregon 
Harrisburg, Pennsylvania
Providence, Rhode Island
Columbia, South Carolina
Pierre, South Dakota
Nashville, Tennesee
Austin, Texas
Salt Lake City, Utah
Richmond, Virginia 
Montpelier, Vermont
Olympia, Washington
Madison, Wisconsin 
Charleston, West Virginia
Cheyenne, Wyoming 
